{
  "completed_tasks": [
    "hotpotqa_5adcc3ed5542994d58a2f6c4",
    "hotpotqa_5ae5ffbb5542996de7b71ad4",
    "hotpotqa_5adf1c3f5542993a75d263ec",
    "hotpotqa_5a738fe855429908901be2fb",
    "hotpotqa_5ac39f7b554299218029dbe7",
    "hotpotqa_5ab3bacc55429969a97a8197",
    "hotpotqa_5a7f244255429934daa2fcec",
    "hotpotqa_5ab61140554299110f2199d7",
    "hotpotqa_5a810d7655429903bc27b915",
    "hotpotqa_5ae4cb2f55429960a22e01e8"
  ],
  "results": [
    {
      "task_id": "hotpotqa_5ab3bacc55429969a97a8197",
      "query": "Who sang lead vocals on the Oasis hit single which had an acoustic debut in drummer Tony McCarroll's last concert ? ",
      "gold_answer": "Noel Gallagher",
      "benchmark": "hotpotqa",
      "scores": {
        "EMPTY": 0.01785714285714286,
        "S": 0.5,
        "E": 0.04545454545454545,
        "D": 0.05,
        "H": 0.025316455696202535,
        "T": 0.03603603603603604,
        "E,S": 0.5,
        "D,S": 1.0,
        "H,S": 0.5,
        "S,T": 1.0,
        "D,E": 0.07843137254901959,
        "E,H": 0.027397260273972605,
        "E,T": 0.04081632653061225,
        "D,H": 0.05797101449275362,
        "D,T": 0.05194805194805195,
        "H,T": 0.03809523809523809,
        "D,E,S": 1.0,
        "E,H,S": 1.0,
        "E,S,T": 1.0,
        "D,H,S": 1.0,
        "D,S,T": 1.0,
        "H,S,T": 1.0,
        "D,E,H": 0.0625,
        "D,E,T": 0.07017543859649122,
        "E,H,T": 0.03738317757009346,
        "D,H,T": 0.04597701149425288,
        "D,E,H,S": 1.0,
        "D,E,S,T": 1.0,
        "E,H,S,T": 1.0,
        "D,H,S,T": 1.0,
        "D,E,H,T": 0.05063291139240507,
        "D,E,H,S,T": 1.0
      },
      "shapley_values": {
        "S": 0.8078378804447212,
        "E": 0.02491837594980779,
        "D": 0.07191301571620311,
        "H": 0.015935530710732185,
        "T": 0.06153805432139299
      },
      "interactions": {
        "E,S": 0.028825276105119056,
        "D,S": 0.18416126667587762,
        "H,S": 0.04746768947391951,
        "S,T": 0.20676999920982156,
        "D,E": -0.03968623771987606,
        "E,H": 0.03170699842744344,
        "E,T": -0.04844343941008903,
        "D,H": -0.043373216930327786,
        "D,T": -0.1332446691685309,
        "H,T": -0.043260783810094836
      },
      "efficiency_axiom_passes": true
    },
    {
      "task_id": "hotpotqa_5a7f244255429934daa2fcec",
      "query": "St. John's College, Belize offers an education in a tradition in which what three subjects were the core?",
      "gold_answer": "Grammar, logic, and rhetoric",
      "benchmark": "hotpotqa",
      "scores": {
        "EMPTY": 0.023529411764705882,
        "S": 0.6666666666666666,
        "E": 0.11764705882352941,
        "D": 0.11764705882352941,
        "H": 0.0,
        "T": 0.13114754098360656,
        "E,S": 0.22222222222222224,
        "D,S": 1.0,
        "H,S": 0.16666666666666666,
        "S,T": 1.0,
        "D,E": 0.18604651162790695,
        "E,H": 0.16,
        "E,T": 0.1702127659574468,
        "D,H": 0.08695652173913045,
        "D,T": 0.1702127659574468,
        "H,T": 0.125,
        "D,E,S": 1.0,
        "E,H,S": 0.16666666666666666,
        "E,S,T": 1.0,
        "D,H,S": 0.4210526315789474,
        "D,S,T": 1.0,
        "H,S,T": 1.0,
        "D,E,H": 0.2222222222222222,
        "D,E,T": 0.21621621621621626,
        "E,H,T": 0.15384615384615385,
        "D,H,T": 0.13559322033898305,
        "D,E,H,S": 0.6666666666666666,
        "D,E,S,T": 1.0,
        "E,H,S,T": 1.0,
        "D,H,S,T": 1.0,
        "D,E,H,T": 0.2285714285714286,
        "D,E,H,S,T": 1.0
      },
      "shapley_values": {
        "S": 0.6539513272466282,
        "E": 0.03390799673072878,
        "D": 0.11231360764089696,
        "H": -0.06712282428349231,
        "T": 0.24342048090053242
      },
      "interactions": {
        "E,S": -0.17721557054047116,
        "D,S": 0.14269957375003678,
        "H,S": -0.20208483958787368,
        "S,T": 0.3648921529049188,
        "D,E": 0.05493665641026153,
        "E,H": 0.08261062274003309,
        "E,T": -0.054449355668646976,
        "D,H": -0.032011327742368076,
        "D,T": -0.2597425494767537,
        "H,T": 0.1750149563549146
      },
      "efficiency_axiom_passes": true
    },
    {
      "task_id": "hotpotqa_5ac39f7b554299218029dbe7",
      "query": "Robert Earl Holding owned an oil company that was originally founded by who?",
      "gold_answer": "Harry F. Sinclair",
      "benchmark": "hotpotqa",
      "scores": {
        "EMPTY": 0.0,
        "S": 0.0,
        "E": 0.0,
        "D": 0.1111111111111111,
        "H": 0.0909090909090909,
        "T": 0.12,
        "E,S": 0.0,
        "D,S": 1.0,
        "H,S": 0.0,
        "S,T": 1.0,
        "D,E": 1.0,
        "E,H": 0.0,
        "E,T": 0.2857142857142857,
        "D,H": 0.1621621621621622,
        "D,T": 0.1621621621621622,
        "H,T": 0.1090909090909091,
        "D,E,S": 1.0,
        "E,H,S": 0.0,
        "E,S,T": 1.0,
        "D,H,S": 1.0,
        "D,S,T": 1.0,
        "H,S,T": 1.0,
        "D,E,H": 0.19999999999999998,
        "D,E,T": 0.07692307692307693,
        "E,H,T": 0.11320754716981131,
        "D,H,T": 0.19354838709677416,
        "D,E,H,S": 1.0,
        "D,E,S,T": 1.0,
        "E,H,S,T": 1.0,
        "D,H,S,T": 1.0,
        "D,E,H,T": 0.23076923076923078,
        "D,E,H,S,T": 1.0
      },
      "shapley_values": {
        "S": 0.51792354254801,
        "E": 0.04860292605758217,
        "D": 0.2529599437134434,
        "H": -0.003489459905771531,
        "T": 0.18400304758673597
      },
      "interactions": {
        "E,S": -0.08600600044909235,
        "D,S": 0.3437416761032098,
        "H,S": 0.013892734933513999,
        "S,T": 0.4976023586431377,
        "D,E": 0.21479703583781487,
        "E,H": -0.09690967020851378,
        "E,T": -0.031881365180208766,
        "D,H": -0.045910492611649034,
        "D,T": -0.6237393304404868,
        "H,T": 0.0380183369775579
      },
      "efficiency_axiom_passes": true
    },
    {
      "task_id": "hotpotqa_5a810d7655429903bc27b915",
      "query": "What instrument does Duff McKagan play on Macy Gray's single, Kissed It?",
      "gold_answer": "bass",
      "benchmark": "hotpotqa",
      "scores": {
        "EMPTY": 0.0273972602739726,
        "S": 1.0,
        "E": 0.03571428571428572,
        "D": 0.03773584905660378,
        "H": 0.04166666666666667,
        "T": 0.0392156862745098,
        "E,S": 1.0,
        "D,S": 1.0,
        "H,S": 0.16666666666666669,
        "S,T": 1.0,
        "D,E": 0.05882352941176471,
        "E,H": 0.020833333333333332,
        "E,T": 0.06451612903225806,
        "D,H": 0.025974025974025976,
        "D,T": 0.04081632653061225,
        "H,T": 0.0392156862745098,
        "D,E,S": 1.0,
        "E,H,S": 1.0,
        "E,S,T": 1.0,
        "D,H,S": 1.0,
        "D,S,T": 1.0,
        "H,S,T": 1.0,
        "D,E,H": 0.03571428571428572,
        "D,E,T": 0.04545454545454545,
        "E,H,T": 0.06451612903225806,
        "D,H,T": 0.034482758620689655,
        "D,E,H,S": 1.0,
        "D,E,S,T": 1.0,
        "E,H,S,T": 1.0,
        "D,H,S,T": 1.0,
        "D,E,H,T": 0.04545454545454545,
        "D,E,H,S,T": 1.0
      },
      "shapley_values": {
        "S": 0.9186986608423874,
        "E": 0.032590142410576686,
        "D": 0.02904615989011274,
        "H": -0.04112635121488441,
        "T": 0.03339412779783504
      },
      "interactions": {
        "E,S": 0.059186098775775776,
        "D,S": 0.07161655277568475,
        "H,S": -0.2072268860089292,
        "S,T": 0.05836694927689577,
        "D,E": -0.06661988793940869,
        "E,H": 0.0617390336922846,
        "E,T": -0.06262226996896483,
        "D,H": 0.0617231488067557,
        "D,T": -0.07705840242566295,
        "H,T": 0.0694952971171948
      },
      "efficiency_axiom_passes": true
    },
    {
      "task_id": "hotpotqa_5ae4cb2f55429960a22e01e8",
      "query": "Which American popular music and country music singer recorded J. D. Souther song ",
      "gold_answer": "Linda Maria Ronstadt",